{
  "buildCommand": "npm run build",
  "devCommand": "npm run dev",
  "installCommand": "npm install",
  "framework": "nextjs",
  "regions": ["sin1"],
  "env": {
    "NEXT_PUBLIC_SUPABASE_URL": "@next_public_supabase_url",
    "NEXT_PUBLIC_SUPABASE_ANON_KEY": "@next_public_supabase_anon_key",
    "SUPABASE_SERVICE_ROLE_KEY": "@supabase_service_role_key"
  },
  "build": {
    "env": {
      "NEXT_PUBLIC_SUPABASE_URL": "@next_public_supabase_url",
      "NEXT_PUBLIC_SUPABASE_ANON_KEY": "@next_public_supabase_anon_key"
    }
  },
  "functions": {
    "app/api/**/*.ts": {
      "maxDuration": 30
    }
  },
  "headers": [
    {
      "source": "/api/(.*)",
      "headers": [
        {
          "key": "Access-Control-Allow-Origin",
          "value": "*"
        },
        {
          "key": "Access-Control-Allow-Methods",
          "value": "GET, POST, PUT, DELETE, OPTIONS"
        },
        {
          "key": "Access-Control-Allow-Headers",
          "value": "Content-Type, Authorization"
        }
      ]
    }
  ]
}
